01.01.2021;-9.4;-10.7;-8.7;92.0;-10.4;0.1;773.3;1.8;-9.8;-8.5;-8.3;-8.9;91.0;-9.8;1.8;774.6;-11.5;-8.7;-14.5;91.0;-11.5;2.2;776.5
02.01.2021;-9.8;-9.6;-7.8;89.9;-11.2;0.1;772.3;2.1;-9.8;-9.4;-10.7;-8.7;92.0;-10.4;0.1;773.3;-8.5;-8.3;-8.9;91.0;-9.8;1.8;774.6
03.01.2021;-8.5;-11.8;-6.8;93.6;-9.4;1.5;772.6;1.5;-9.8;-9.8;-9.6;-7.8;89.9;-11.2;0.1;772.3;-9.4;-10.7;-8.7;92.0;-10.4;0.1;773.3
04.01.2021;-2.6;-6.8;-1.8;98.9;-2.7;1.0;776.6;1.0;-9.8;-8.5;-11.8;-6.8;93.6;-9.4;1.5;772.6;-9.8;-9.6;-7.8;89.9;-11.2;0.1;772.3
05.01.2021;-2.8;-3.5;-2.3;99.1;-2.9;3.1;776.5;1.1;-9.8;-2.6;-6.8;-1.8;98.9;-2.7;1.0;776.6;-8.5;-11.8;-6.8;93.6;-9.4;1.5;772.6
06.01.2021;-8.8;-9.5;-8.0;79.8;-12.0;0.0;775.0;2.3;-9.8;-2.8;-3.5;-2.3;99.1;-2.9;3.1;776.5;-2.6;-6.8;-1.8;98.9;-2.7;1.0;776.6
07.01.2021;-11.1;-12.0;-10.2;88.3;-12.7;0.5;771.0;2.0;-9.8;-8.8;-9.5;-8.0;79.8;-12.0;0.0;775.0;-2.8;-3.5;-2.3;99.1;-2.9;3.1;776.5
08.01.2021;-8.7;-11.8;-6.4;94.3;-9.5;0.8;767.2;2.0;-9.8;-11.1;-12.0;-10.2;88.3;-12.7;0.5;771.0;-8.8;-9.5;-8.0;79.8;-12.0;0.0;775.0
09.01.2021;-7.1;-7.8;-6.5;94.6;-7.8;1.0;763.6;2.0;-9.8;-8.7;-11.8;-6.4;94.3;-9.5;0.8;767.2;-11.1;-12.0;-10.2;88.3;-12.7;0.5;771.0
10.01.2021;-7.9;-6.7;-6.4;93.4;-8.7;5.0;756.0;2.6;-9.8;-7.1;-7.8;-6.5;94.6;-7.8;1.0;763.6;-8.7;-11.8;-6.4;94.3;-9.5;0.8;767.2
11.01.2021;-17.0;-18.2;-16.7;80.9;-19.6;0.2;762.3;1.4;-9.8;-7.9;-6.7;-6.4;93.4;-8.7;5.0;756.0;-7.1;-7.8;-6.5;94.6;-7.8;1.0;763.6
12.01.2021;-19.6;-18.8;-18.0;79.1;-22.3;0.3;766.6;1.0;-9.8;-17.0;-18.2;-16.7;80.9;-19.6;0.2;762.3;-7.9;-6.7;-6.4;93.4;-8.7;5.0;756.0
13.01.2021;-25.7;-28.6;-22.1;79.6;-28.2;0.0;773.8;0.6;-9.8;-19.6;-18.8;-18.0;79.1;-22.3;0.3;766.6;-17.0;-18.2;-16.7;80.9;-19.6;0.2;762.3
14.01.2021;-15.7;-25.7;-10.3;85.5;-17.5;6.2;766.6;3.1;-9.8;-25.7;-28.6;-22.1;79.6;-28.2;0.0;773.8;-19.6;-18.8;-18.0;79.1;-22.3;0.3;766.6
15.01.2021;-9.6;-10.6;-8.5;85.9;-11.5;2.0;758.4;1.4;-9.8;-15.7;-25.7;-10.3;85.5;-17.5;6.2;766.6;-25.7;-28.6;-22.1;79.6;-28.2;0.0;773.8
16.01.2021;-8.3;-9.1;-7.0;91.6;-9.5;3.0;748.5;3.1;-9.8;-9.6;-10.6;-8.5;85.9;-11.5;2.0;758.4;-15.7;-25.7;-10.3;85.5;-17.5;6.2;766.6
17.01.2021;-15.1;-15.3;-14.5;82.4;-17.5;0.3;754.3;2.1;-9.8;-8.3;-9.1;-7.0;91.6;-9.5;3.0;748.5;-9.6;-10.6;-8.5;85.9;-11.5;2.0;758.4
18.01.2021;-22.3;-24.6;-20.0;82.8;-24.5;0.0;764.9;0.4;-9.8;-15.1;-15.3;-14.5;82.4;-17.5;0.3;754.3;-8.3;-9.1;-7.0;91.6;-9.5;3.0;748.5
19.01.2021;-18.7;-23.6;-16.9;83.3;-20.8;0.7;761.6;1.3;-9.8;-22.3;-24.6;-20.0;82.8;-24.5;0.0;764.9;-15.1;-15.3;-14.5;82.4;-17.5;0.3;754.3
20.01.2021;-16.8;-18.4;-15.6;82.6;-19.1;0.9;760.1;2.1;-9.8;-18.7;-23.6;-16.9;83.3;-20.8;0.7;761.6;-22.3;-24.6;-20.0;82.8;-24.5;0.0;764.9
21.01.2021;-10.7;-15.6;-7.9;85.1;-12.8;0.3;761.6;2.0;-9.8;-16.8;-18.4;-15.6;82.6;-19.1;0.9;760.1;-18.7;-23.6;-16.9;83.3;-20.8;0.7;761.6
22.01.2021;-10.7;-11.2;-10.2;83.9;-13.0;0.1;762.5;1.5;-9.8;-10.7;-15.6;-7.9;85.1;-12.8;0.3;761.6;-16.8;-18.4;-15.6;82.6;-19.1;0.9;760.1
23.01.2021;-11.0;-14.0;-9.2;85.1;-13.1;0.4;766.0;2.4;-9.8;-10.7;-11.2;-10.2;83.9;-13.0;0.1;762.5;-10.7;-15.6;-7.9;85.1;-12.8;0.3;761.6
24.01.2021;-2.2;-9.2;1.5;99.5;-2.3;1.0;765.2;1.4;-9.8;-11.0;-14.0;-9.2;85.1;-13.1;0.4;766.0;-10.7;-11.2;-10.2;83.9;-13.0;0.1;762.5
25.01.2021;0.8;1.4;2.2;96.1;0.2;0.0;768.7;1.8;-9.8;-2.2;-9.2;1.5;99.5;-2.3;1.0;765.2;-11.0;-14.0;-9.2;85.1;-13.1;0.4;766.0
26.01.2021;-2.4;-2.8;-1.2;98.8;-2.6;0.1;768.0;2.1;-9.8;0.8;1.4;2.2;96.1;0.2;0.0;768.7;-2.2;-9.2;1.5;99.5;-2.3;1.0;765.2
27.01.2021;-5.0;-5.6;-2.2;96.8;-5.4;0.0;765.8;2.6;-9.8;-2.4;-2.8;-1.2;98.8;-2.6;0.1;768.0;0.8;1.4;2.2;96.1;0.2;0.0;768.7
28.01.2021;-6.6;-6.6;-6.0;85.4;-8.7;0.0;762.7;2.3;-9.8;-5.0;-5.6;-2.2;96.8;-5.4;0.0;765.8;-2.4;-2.8;-1.2;98.8;-2.6;0.1;768.0
29.01.2021;-5.3;-7.5;-3.6;82.4;-7.9;0.0;757.5;1.9;-9.8;-6.6;-6.6;-6.0;85.4;-8.7;0.0;762.7;-5.0;-5.6;-2.2;96.8;-5.4;0.0;765.8
30.01.2021;-3.6;-4.9;-1.0;99.6;-3.6;0.8;755.0;2.0;-9.8;-5.3;-7.5;-3.6;82.4;-7.9;0.0;757.5;-6.6;-6.6;-6.0;85.4;-8.7;0.0;762.7
31.01.2021;-2.9;-6.5;-0.7;91.9;-4.2;0.2;755.6;3.0;-9.8;-3.6;-4.9;-1.0;99.6;-3.6;0.8;755.0;-5.3;-7.5;-3.6;82.4;-7.9;0.0;757.5
01.02.2021;-2.5;-2.3;-1.5;69.4;-7.6;2.0;758.2;3.8;-15.2;-2.9;-6.5;-0.7;91.9;-4.2;0.2;755.6;-3.6;-4.9;-1.0;99.6;-3.6;0.8;755.0
02.02.2021;-5.7;-7.3;-3.4;92.6;-6.8;1.5;762.0;1.1;-15.2;-2.5;-2.3;-1.5;69.4;-7.6;2.0;758.2;-2.9;-6.5;-0.7;91.9;-4.2;0.2;755.6
03.02.2021;-11.5;-14.8;-9.4;95.9;-12.1;0.0;765.1;0.9;-15.2;-5.7;-7.3;-3.4;92.6;-6.8;1.5;762.0;-2.5;-2.3;-1.5;69.4;-7.6;2.0;758.2
04.02.2021;-4.9;-11.3;-1.7;99.3;-5.0;0.3;756.5;1.6;-15.2;-11.5;-14.8;-9.4;95.9;-12.1;0.0;765.1;-5.7;-7.3;-3.4;92.6;-6.8;1.5;762.0
05.02.2021;0.5;-1.7;2.1;95.0;-0.3;5.7;746.6;2.1;-15.2;-4.9;-11.3;-1.7;99.3;-5.0;0.3;756.5;-11.5;-14.8;-9.4;95.9;-12.1;0.0;765.1
06.02.2021;-12.2;-11.5;-11.0;84.3;-14.4;1.0;746.3;5.1;-15.2;0.5;-1.7;2.1;95.0;-0.3;5.7;746.6;-4.9;-11.3;-1.7;99.3;-5.0;0.3;756.5
07.02.2021;-19.1;-21.1;-18.1;75.5;-22.4;0.2;749.4;4.0;-15.2;-12.2;-11.5;-11.0;84.3;-14.4;1.0;746.3;0.5;-1.7;2.1;95.0;-0.3;5.7;746.6
08.02.2021;-22.4;-23.9;-22.0;68.6;-26.7;0.1;757.2;3.6;-15.2;-19.1;-21.1;-18.1;75.5;-22.4;0.2;749.4;-12.2;-11.5;-11.0;84.3;-14.4;1.0;746.3
09.02.2021;-20.0;-22.5;-16.0;78.3;-22.8;0.0;766.8;2.3;-15.2;-22.4;-23.9;-22.0;68.6;-26.7;0.1;757.2;-19.1;-21.1;-18.1;75.5;-22.4;0.2;749.4
10.02.2021;-16.5;-20.5;-14.1;80.8;-19.1;0.5;767.9;1.8;-15.2;-20.0;-22.5;-16.0;78.3;-22.8;0.0;766.8;-22.4;-23.9;-22.0;68.6;-26.7;0.1;757.2
11.02.2021;-15.1;-17.0;-12.5;77.6;-18.2;0.8;767.5;3.1;-15.2;-16.5;-20.5;-14.1;80.8;-19.1;0.5;767.9;-20.0;-22.5;-16.0;78.3;-22.8;0.0;766.8
12.02.2021;-12.1;-14.5;-10.0;81.6;-14.6;0.6;763.9;1.8;-15.2;-15.1;-17.0;-12.5;77.6;-18.2;0.8;767.5;-16.5;-20.5;-14.1;80.8;-19.1;0.5;767.9
13.02.2021;-1.6;-10.0;0.7;99.4;-1.6;5.0;756.0;1.8;-15.2;-12.1;-14.5;-10.0;81.6;-14.6;0.6;763.9;-15.1;-17.0;-12.5;77.6;-18.2;0.8;767.5
14.02.2021;-10.8;-11.8;-10.9;84.0;-13.0;1.2;755.2;2.5;-15.2;-1.6;-10.0;0.7;99.4;-1.6;5.0;756.0;-12.1;-14.5;-10.0;81.6;-14.6;0.6;763.9
15.02.2021;-18.1;-19.3;-17.3;80.1;-20.7;0.1;760.8;2.1;-15.2;-10.8;-11.8;-10.9;84.0;-13.0;1.2;755.2;-1.6;-10.0;0.7;99.4;-1.6;5.0;756.0
16.02.2021;-20.3;-23.0;-16.3;80.6;-22.8;0.0;767.5;1.8;-15.2;-18.1;-19.3;-17.3;80.1;-20.7;0.1;760.8;-10.8;-11.8;-10.9;84.0;-13.0;1.2;755.2
17.02.2021;-20.4;-22.9;-17.3;79.5;-23.1;0.0;769.2;1.3;-15.2;-20.3;-23.0;-16.3;80.6;-22.8;0.0;767.5;-18.1;-19.3;-17.3;80.1;-20.7;0.1;760.8
18.02.2021;-18.9;-23.4;-14.1;73.8;-22.5;0.0;766.1;0.9;-15.2;-20.4;-22.9;-17.3;79.5;-23.1;0.0;769.2;-20.3;-23.0;-16.3;80.6;-22.8;0.0;767.5
19.02.2021;-19.1;-21.6;-15.7;80.4;-21.6;0.5;762.9;1.4;-15.2;-18.9;-23.4;-14.1;73.8;-22.5;0.0;766.1;-20.4;-22.9;-17.3;79.5;-23.1;0.0;769.2
20.02.2021;-20.3;-22.2;-17.4;81.0;-22.8;0.0;768.0;2.3;-15.2;-19.1;-21.6;-15.7;80.4;-21.6;0.5;762.9;-18.9;-23.4;-14.1;73.8;-22.5;0.0;766.1
21.02.2021;-19.8;-21.7;-16.1;79.8;-22.4;0.0;770.2;1.4;-15.2;-20.3;-22.2;-17.4;81.0;-22.8;0.0;768.0;-19.1;-21.6;-15.7;80.4;-21.6;0.5;762.9
22.02.2021;-23.6;-25.7;-19.5;73.4;-27.1;0.0;769.3;1.5;-15.2;-19.8;-21.7;-16.1;79.8;-22.4;0.0;770.2;-20.3;-22.2;-17.4;81.0;-22.8;0.0;768.0
23.02.2021;-27.1;-30.5;-22.9;64.0;-31.9;0.0;775.4;2.3;-15.2;-23.6;-25.7;-19.5;73.4;-27.1;0.0;769.3;-19.8;-21.7;-16.1;79.8;-22.4;0.0;770.2
24.02.2021;-22.5;-26.9;-17.3;63.3;-27.7;0.0;777.1;1.0;-15.2;-27.1;-30.5;-22.9;64.0;-31.9;0.0;775.4;-23.6;-25.7;-19.5;73.4;-27.1;0.0;769.3
25.02.2021;-20.6;-24.8;-17.3;79.6;-23.2;1.0;769.9;1.9;-15.2;-22.5;-26.9;-17.3;63.3;-27.7;0.0;777.1;-27.1;-30.5;-22.9;64.0;-31.9;0.0;775.4
26.02.2021;-15.9;-18.9;-13.1;78.1;-18.9;0.4;760.4;2.6;-15.2;-20.6;-24.8;-17.3;79.6;-23.2;1.0;769.9;-22.5;-26.9;-17.3;63.3;-27.7;0.0;777.1
27.02.2021;-13.0;-14.1;-11.7;80.9;-15.7;2.9;749.9;2.6;-15.2;-15.9;-18.9;-13.1;78.1;-18.9;0.4;760.4;-20.6;-24.8;-17.3;79.6;-23.2;1.0;769.9
28.02.2021;-13.2;-15.5;-9.0;73.0;-17.1;0.2;756.7;1.9;-15.2;-13.0;-14.1;-11.7;80.9;-15.7;2.9;749.9;-15.9;-18.9;-13.1;78.1;-18.9;0.4;760.4
01.03.2021;-14.2;-19.3;-9.6;75.3;-17.8;0.0;764.1;1.1;-4.6;-13.2;-15.5;-9.0;73.0;-17.1;0.2;756.7;-13.0;-14.1;-11.7;80.9;-15.7;2.9;749.9
02.03.2021;-3.6;-13.5;2.1;94.6;-4.3;1.5;752.0;1.9;-4.6;-14.2;-19.3;-9.6;75.3;-17.8;0.0;764.1;-13.2;-15.5;-9.0;73.0;-17.1;0.2;756.7
03.03.2021;-2.1;-2.1;-1.3;84.8;-4.5;0.1;750.8;2.4;-4.6;-3.6;-13.5;2.1;94.6;-4.3;1.5;752.0;-14.2;-19.3;-9.6;75.3;-17.8;0.0;764.1
04.03.2021;-2.8;-5.8;0.5;83.3;-5.4;1.3;747.4;3.3;-4.6;-2.1;-2.1;-1.3;84.8;-4.5;0.1;750.8;-3.6;-13.5;2.1;94.6;-4.3;1.5;752.0
05.03.2021;-5.6;-8.4;-2.5;71.8;-10.0;0.0;751.4;1.6;-4.6;-2.8;-5.8;0.5;83.3;-5.4;1.3;747.4;-2.1;-2.1;-1.3;84.8;-4.5;0.1;750.8
06.03.2021;-8.3;-8.9;-6.1;71.5;-12.8;0.1;758.6;1.6;-4.6;-5.6;-8.4;-2.5;71.8;-10.0;0.0;751.4;-2.8;-5.8;0.5;83.3;-5.4;1.3;747.4
07.03.2021;-10.5;-16.1;-5.3;79.3;-13.6;0.0;755.7;1.5;-4.6;-8.3;-8.9;-6.1;71.5;-12.8;0.1;758.6;-5.6;-8.4;-2.5;71.8;-10.0;0.0;751.4
08.03.2021;-5.8;-9.1;-3.5;82.5;-8.6;2.0;746.8;1.9;-4.6;-10.5;-16.1;-5.3;79.3;-13.6;0.0;755.7;-8.3;-8.9;-6.1;71.5;-12.8;0.1;758.6
09.03.2021;-10.4;-13.6;-8.2;89.8;-11.9;0.0;755.3;1.0;-4.6;-5.8;-9.1;-3.5;82.5;-8.6;2.0;746.8;-10.5;-16.1;-5.3;79.3;-13.6;0.0;755.7
10.03.2021;-14.9;-15.7;-13.0;69.4;-19.5;0.1;760.2;2.6;-4.6;-10.4;-13.6;-8.2;89.8;-11.9;0.0;755.3;-5.8;-9.1;-3.5;82.5;-8.6;2.0;746.8
11.03.2021;-15.7;-20.9;-8.3;69.9;-20.1;0.0;764.9;2.3;-4.6;-14.9;-15.7;-13.0;69.4;-19.5;0.1;760.2;-10.4;-13.6;-8.2;89.8;-11.9;0.0;755.3
12.03.2021;-10.4;-13.0;-6.6;60.1;-16.8;0.0;769.2;2.1;-4.6;-15.7;-20.9;-8.3;69.9;-20.1;0.0;764.9;-14.9;-15.7;-13.0;69.4;-19.5;0.1;760.2
13.03.2021;-11.1;-15.4;-5.9;63.9;-16.7;0.0;770.9;1.6;-4.6;-10.4;-13.0;-6.6;60.1;-16.8;0.0;769.2;-15.7;-20.9;-8.3;69.9;-20.1;0.0;764.9
14.03.2021;-8.0;-12.2;-4.2;79.0;-11.1;0.0;767.9;2.0;-4.6;-11.1;-15.4;-5.9;63.9;-16.7;0.0;770.9;-10.4;-13.0;-6.6;60.1;-16.8;0.0;769.2
15.03.2021;-2.8;-6.2;2.6;80.9;-5.9;2.0;766.0;2.0;-4.6;-8.0;-12.2;-4.2;79.0;-11.1;0.0;767.9;-11.1;-15.4;-5.9;63.9;-16.7;0.0;770.9
16.03.2021;-4.1;-6.6;-1.2;63.0;-10.3;0.0;768.2;1.9;-4.6;-2.8;-6.2;2.6;80.9;-5.9;2.0;766.0;-8.0;-12.2;-4.2;79.0;-11.1;0.0;767.9
17.03.2021;-5.3;-8.7;-1.8;61.5;-11.8;0.0;767.6;2.1;-4.6;-4.1;-6.6;-1.2;63.0;-10.3;0.0;768.2;-2.8;-6.2;2.6;80.9;-5.9;2.0;766.0
18.03.2021;-4.2;-6.3;-2.5;81.9;-7.0;0.5;758.5;1.3;-4.6;-5.3;-8.7;-1.8;61.5;-11.8;0.0;767.6;-4.1;-6.6;-1.2;63.0;-10.3;0.0;768.2
19.03.2021;-2.3;-4.2;-0.4;84.8;-4.7;0.1;755.0;1.6;-4.6;-4.2;-6.3;-2.5;81.9;-7.0;0.5;758.5;-5.3;-8.7;-1.8;61.5;-11.8;0.0;767.6
20.03.2021;-2.6;-3.3;-1.9;72.5;-7.0;0.0;754.4;2.4;-4.6;-2.3;-4.2;-0.4;84.8;-4.7;0.1;755.0;-4.2;-6.3;-2.5;81.9;-7.0;0.5;758.5
21.03.2021;-4.5;-11.7;0.3;61.4;-11.3;0.0;754.9;1.9;-4.6;-2.6;-3.3;-1.9;72.5;-7.0;0.0;754.4;-2.3;-4.2;-0.4;84.8;-4.7;0.1;755.0
22.03.2021;-3.6;-7.3;0.4;75.8;-7.5;0.1;753.6;1.5;-4.6;-4.5;-11.7;0.3;61.4;-11.3;0.0;754.9;-2.6;-3.3;-1.9;72.5;-7.0;0.0;754.4
23.03.2021;-0.3;-1.7;1.9;89.1;-2.0;0.5;756.1;1.3;-4.6;-3.6;-7.3;0.4;75.8;-7.5;0.1;753.6;-4.5;-11.7;0.3;61.4;-11.3;0.0;754.9
24.03.2021;-1.5;-6.3;2.7;74.0;-6.3;0.0;761.9;1.1;-4.6;-0.3;-1.7;1.9;89.1;-2.0;0.5;756.1;-3.6;-7.3;0.4;75.8;-7.5;0.1;753.6
25.03.2021;0.1;-7.0;5.8;60.3;-7.3;0.0;761.8;0.6;-4.6;-1.5;-6.3;2.7;74.0;-6.3;0.0;761.9;-0.3;-1.7;1.9;89.1;-2.0;0.5;756.1
26.03.2021;1.8;-5.1;8.6;62.0;-5.0;0.0;759.4;0.9;-4.6;0.1;-7.0;5.8;60.3;-7.3;0.0;761.8;-1.5;-6.3;2.7;74.0;-6.3;0.0;761.9
27.03.2021;3.4;1.2;7.0;62.6;-3.4;0.0;760.8;1.9;-4.6;1.8;-5.1;8.6;62.0;-5.0;0.0;759.4;0.1;-7.0;5.8;60.3;-7.3;0.0;761.8
28.03.2021;1.2;-2.4;4.6;49.1;-8.7;0.0;768.3;2.0;-4.6;3.4;1.2;7.0;62.6;-3.4;0.0;760.8;1.8;-5.1;8.6;62.0;-5.0;0.0;759.4
29.03.2021;2.5;-4.0;8.3;39.9;-10.7;0.0;774.0;0.9;-4.6;1.2;-2.4;4.6;49.1;-8.7;0.0;768.3;3.4;1.2;7.0;62.6;-3.4;0.0;760.8
30.03.2021;2.3;-0.9;6.4;41.3;-10.0;0.0;775.1;1.8;-4.6;2.5;-4.0;8.3;39.9;-10.7;0.0;774.0;1.2;-2.4;4.6;49.1;-8.7;0.0;768.3
31.03.2021;0.9;-0.7;3.3;73.4;-4.0;1.0;766.8;3.8;-4.6;2.3;-0.9;6.4;41.3;-10.0;0.0;775.1;2.5;-4.0;8.3;39.9;-10.7;0.0;774.0
01.04.2021;1.9;0.1;2.5;98.5;1.7;2.5;758.5;3.5;6.6;0.9;-0.7;3.3;73.4;-4.0;1.0;766.8;2.3;-0.9;6.4;41.3;-10.0;0.0;775.1
02.04.2021;2.2;1.3;5.0;96.0;1.6;1.0;756.1;1.5;6.6;1.9;0.1;2.5;98.5;1.7;2.5;758.5;0.9;-0.7;3.3;73.4;-4.0;1.0;766.8
03.04.2021;1.3;-0.9;5.0;81.8;-1.6;0.0;753.1;2.3;6.6;2.2;1.3;5.0;96.0;1.6;1.0;756.1;1.9;0.1;2.5;98.5;1.7;2.5;758.5
04.04.2021;1.6;-0.2;5.9;89.4;-0.2;1.5;753.5;2.1;6.6;1.3;-0.9;5.0;81.8;-1.6;0.0;753.1;2.2;1.3;5.0;96.0;1.6;1.0;756.1
05.04.2021;2.1;-2.7;7.3;71.1;-3.0;0.0;756.8;2.0;6.6;1.6;-0.2;5.9;89.4;-0.2;1.5;753.5;1.3;-0.9;5.0;81.8;-1.6;0.0;753.1
06.04.2021;3.6;-0.4;7.6;66.3;-2.5;0.0;758.9;1.6;6.6;2.1;-2.7;7.3;71.1;-3.0;0.0;756.8;1.6;-0.2;5.9;89.4;-0.2;1.5;753.5
07.04.2021;5.0;3.6;8.0;60.3;-2.2;0.0;757.7;1.3;6.6;3.6;-0.4;7.6;66.3;-2.5;0.0;758.9;2.1;-2.7;7.3;71.1;-3.0;0.0;756.8
08.04.2021;5.6;3.1;9.5;82.4;2.7;0.5;758.0;2.8;6.6;5.0;3.6;8.0;60.3;-2.2;0.0;757.7;3.6;-0.4;7.6;66.3;-2.5;0.0;758.9
09.04.2021;3.5;2.1;5.4;73.6;-0.9;0.0;766.1;0.8;6.6;5.6;3.1;9.5;82.4;2.7;0.5;758.0;5.0;3.6;8.0;60.3;-2.2;0.0;757.7
10.04.2021;2.9;0.9;4.5;97.5;2.5;1.5;770.7;1.6;6.6;3.5;2.1;5.4;73.6;-0.9;0.0;766.1;5.6;3.1;9.5;82.4;2.7;0.5;758.0
11.04.2021;4.1;2.5;6.0;99.8;4.1;0.9;771.1;1.4;6.6;2.9;0.9;4.5;97.5;2.5;1.5;770.7;3.5;2.1;5.4;73.6;-0.9;0.0;766.1
12.04.2021;9.0;4.5;13.3;57.9;0.0;0.0;776.9;1.8;6.6;4.1;2.5;6.0;99.8;4.1;0.9;771.1;2.9;0.9;4.5;97.5;2.5;1.5;770.7
13.04.2021;12.3;5.8;20.0;60.1;4.2;0.0;775.1;1.8;6.6;9.0;4.5;13.3;57.9;0.0;0.0;776.9;4.1;2.5;6.0;99.8;4.1;0.9;771.1
14.04.2021;14.8;8.3;21.0;51.5;4.7;0.0;770.5;1.5;6.6;12.3;5.8;20.0;60.1;4.2;0.0;775.1;9.0;4.5;13.3;57.9;0.0;0.0;776.9
15.04.2021;16.1;9.4;22.7;46.5;3.6;0.0;764.6;1.3;6.6;14.8;8.3;21.0;51.5;4.7;0.0;770.5;12.3;5.8;20.0;60.1;4.2;0.0;775.1
16.04.2021;12.0;7.6;15.7;47.9;0.6;0.0;766.5;2.9;6.6;16.1;9.4;22.7;46.5;3.6;0.0;764.6;14.8;8.3;21.0;51.5;4.7;0.0;770.5
17.04.2021;9.8;4.9;12.4;30.1;-7.4;0.0;768.7;2.8;6.6;12.0;7.6;15.7;47.9;0.6;0.0;766.5;16.1;9.4;22.7;46.5;3.6;0.0;764.6
18.04.2021;10.2;5.5;15.4;35.3;-4.9;0.0;766.7;2.4;6.6;9.8;4.9;12.4;30.1;-7.4;0.0;768.7;12.0;7.6;15.7;47.9;0.6;0.0;766.5
19.04.2021;4.8;1.0;12.8;32.5;-11.1;0.0;770.8;3.9;6.6;10.2;5.5;15.4;35.3;-4.9;0.0;766.7;9.8;4.9;12.4;30.1;-7.4;0.0;768.7
20.04.2021;6.2;0.0;11.7;26.1;-12.8;0.0;772.2;3.0;6.6;4.8;1.0;12.8;32.5;-11.1;0.0;770.8;10.2;5.5;15.4;35.3;-4.9;0.0;766.7
21.04.2021;4.6;3.8;7.2;53.1;-5.7;0.0;768.1;3.5;6.6;6.2;0.0;11.7;26.1;-12.8;0.0;772.2;4.8;1.0;12.8;32.5;-11.1;0.0;770.8
22.04.2021;5.8;2.4;10.1;94.5;4.9;2.0;766.5;2.0;6.6;4.6;3.8;7.2;53.1;-5.7;0.0;768.1;6.2;0.0;11.7;26.1;-12.8;0.0;772.2
23.04.2021;10.3;3.7;15.7;73.0;5.0;0.4;767.2;1.4;6.6;5.8;2.4;10.1;94.5;4.9;2.0;766.5;4.6;3.8;7.2;53.1;-5.7;0.0;768.1
24.04.2021;8.7;5.0;10.9;74.3;4.2;0.0;760.4;1.9;6.6;10.3;3.7;15.7;73.0;5.0;0.4;767.2;5.8;2.4;10.1;94.5;4.9;2.0;766.5
25.04.2021;5.7;4.6;9.6;78.0;1.6;3.4;753.9;3.4;6.6;8.7;5.0;10.9;74.3;4.2;0.0;760.4;10.3;3.7;15.7;73.0;5.0;0.4;767.2
26.04.2021;7.1;2.7;11.9;45.8;-5.1;0.0;758.1;4.1;6.6;5.7;4.6;9.6;78.0;1.6;3.4;753.9;8.7;5.0;10.9;74.3;4.2;0.0;760.4
27.04.2021;5.8;1.7;10.4;63.4;-1.3;0.2;757.2;0.8;6.6;7.1;2.7;11.9;45.8;-5.1;0.0;758.1;5.7;4.6;9.6;78.0;1.6;3.4;753.9
28.04.2021;4.5;0.9;7.3;79.8;1.1;0.5;756.8;2.5;6.6;5.8;1.7;10.4;63.4;-1.3;0.2;757.2;7.1;2.7;11.9;45.8;-5.1;0.0;758.1
29.04.2021;7.2;3.0;10.6;65.6;0.3;0.2;762.2;2.8;6.6;4.5;0.9;7.3;79.8;1.1;0.5;756.8;5.8;1.7;10.4;63.4;-1.3;0.2;757.2
30.04.2021;10.1;3.5;15.3;42.9;-2.8;0.0;764.5;1.5;6.6;7.2;3.0;10.6;65.6;0.3;0.2;762.2;4.5;0.9;7.3;79.8;1.1;0.5;756.8
01.05.2021;11.7;9.2;16.2;68.9;5.5;4.0;757.7;2.0;18.2;10.1;3.5;15.3;42.9;-2.8;0.0;764.5;7.2;3.0;10.6;65.6;0.3;0.2;762.2
02.05.2021;10.7;6.2;13.4;61.3;2.1;0.3;762.3;1.9;18.2;11.7;9.2;16.2;68.9;5.5;4.0;757.7;10.1;3.5;15.3;42.9;-2.8;0.0;764.5
03.05.2021;10.7;6.8;15.2;60.5;3.1;1.5;761.5;1.8;18.2;10.7;6.2;13.4;61.3;2.1;0.3;762.3;11.7;9.2;16.2;68.9;5.5;4.0;757.7
04.05.2021;16.0;14.4;20.2;65.6;9.2;0.0;751.0;2.8;18.2;10.7;6.8;15.2;60.5;3.1;1.5;761.5;10.7;6.2;13.4;61.3;2.1;0.3;762.3
05.05.2021;7.9;5.0;10.1;65.1;1.5;0.0;753.5;2.6;18.2;16.0;14.4;20.2;65.6;9.2;0.0;751.0;10.7;6.8;15.2;60.5;3.1;1.5;761.5
06.05.2021;13.2;2.8;21.4;50.1;1.7;0.0;759.4;1.5;18.2;7.9;5.0;10.1;65.1;1.5;0.0;753.5;16.0;14.4;20.2;65.6;9.2;0.0;751.0
07.05.2021;16.1;10.3;20.8;43.3;2.8;0.0;759.8;1.9;18.2;13.2;2.8;21.4;50.1;1.7;0.0;759.4;7.9;5.0;10.1;65.1;1.5;0.0;753.5
08.05.2021;14.1;10.0;18.7;63.9;6.8;0.0;761.5;1.4;18.2;16.1;10.3;20.8;43.3;2.8;0.0;759.8;13.2;2.8;21.4;50.1;1.7;0.0;759.4
09.05.2021;18.7;12.0;25.0;44.8;5.8;0.0;758.6;2.1;18.2;14.1;10.0;18.7;63.9;6.8;0.0;761.5;16.1;10.3;20.8;43.3;2.8;0.0;759.8
10.05.2021;20.7;15.1;26.4;44.4;7.5;0.0;762.6;1.6;18.2;18.7;12.0;25.0;44.8;5.8;0.0;758.6;14.1;10.0;18.7;63.9;6.8;0.0;761.5
11.05.2021;20.4;13.7;26.8;53.9;9.4;0.0;767.7;1.8;18.2;20.7;15.1;26.4;44.4;7.5;0.0;762.6;18.7;12.0;25.0;44.8;5.8;0.0;758.6
12.05.2021;22.4;13.6;27.4;38.8;6.9;0.0;768.8;1.6;18.2;20.4;13.7;26.8;53.9;9.4;0.0;767.7;20.7;15.1;26.4;44.4;7.5;0.0;762.6
13.05.2021;21.6;15.6;26.4;40.9;7.5;0.0;767.4;1.8;18.2;22.4;13.6;27.4;38.8;6.9;0.0;768.8;20.4;13.7;26.8;53.9;9.4;0.0;767.7
14.05.2021;24.4;19.5;31.2;34.8;6.7;0.0;764.1;2.1;18.2;21.6;15.6;26.4;40.9;7.5;0.0;767.4;22.4;13.6;27.4;38.8;6.9;0.0;768.8
15.05.2021;24.1;17.2;31.4;39.5;8.0;0.0;762.5;1.5;18.2;24.4;19.5;31.2;34.8;6.7;0.0;764.1;21.6;15.6;26.4;40.9;7.5;0.0;767.4
16.05.2021;25.0;18.6;32.0;32.4;6.7;0.0;760.9;1.6;18.2;24.1;17.2;31.4;39.5;8.0;0.0;762.5;24.4;19.5;31.2;34.8;6.7;0.0;764.1
17.05.2021;25.0;15.8;32.0;37.0;8.5;0.0;761.1;1.3;18.2;25.0;18.6;32.0;32.4;6.7;0.0;760.9;24.1;17.2;31.4;39.5;8.0;0.0;762.5
18.05.2021;26.1;19.8;31.3;38.8;10.8;0.0;761.6;2.3;18.2;25.0;15.8;32.0;37.0;8.5;0.0;761.1;25.0;18.6;32.0;32.4;6.7;0.0;760.9
19.05.2021;23.2;17.3;28.1;47.0;10.9;0.0;761.7;3.6;18.2;26.1;19.8;31.3;38.8;10.8;0.0;761.6;25.0;15.8;32.0;37.0;8.5;0.0;761.1
20.05.2021;21.1;16.7;26.0;56.6;11.8;0.0;759.5;2.6;18.2;23.2;17.3;28.1;47.0;10.9;0.0;761.7;26.1;19.8;31.3;38.8;10.8;0.0;761.6
21.05.2021;19.6;15.7;23.7;65.1;11.9;0.0;758.4;2.3;18.2;21.1;16.7;26.0;56.6;11.8;0.0;759.5;23.2;17.3;28.1;47.0;10.9;0.0;761.7
22.05.2021;18.5;15.4;25.3;78.4;14.5;3.0;759.1;2.1;18.2;19.6;15.7;23.7;65.1;11.9;0.0;758.4;21.1;16.7;26.0;56.6;11.8;0.0;759.5
23.05.2021;16.5;13.9;19.5;83.5;13.6;1.0;761.9;1.6;18.2;18.5;15.4;25.3;78.4;14.5;3.0;759.1;19.6;15.7;23.7;65.1;11.9;0.0;758.4
24.05.2021;18.6;14.0;23.4;70.0;12.2;0.2;759.8;2.0;18.2;16.5;13.9;19.5;83.5;13.6;1.0;761.9;18.5;15.4;25.3;78.4;14.5;3.0;759.1
25.05.2021;17.0;15.6;19.7;67.5;10.6;0.2;763.1;0.8;18.2;18.6;14.0;23.4;70.0;12.2;0.2;759.8;16.5;13.9;19.5;83.5;13.6;1.0;761.9
26.05.2021;16.6;10.5;21.2;58.6;7.2;0.0;764.8;1.6;18.2;17.0;15.6;19.7;67.5;10.6;0.2;763.1;18.6;14.0;23.4;70.0;12.2;0.2;759.8
27.05.2021;15.8;9.7;21.4;56.6;6.7;0.0;766.6;1.1;18.2;16.6;10.5;21.2;58.6;7.2;0.0;764.8;17.0;15.6;19.7;67.5;10.6;0.2;763.1
28.05.2021;19.4;12.3;25.1;52.5;8.7;0.0;762.0;1.3;18.2;15.8;9.7;21.4;56.6;6.7;0.0;766.6;16.6;10.5;21.2;58.6;7.2;0.0;764.8
29.05.2021;22.0;13.0;28.3;49.1;10.3;0.0;755.7;0.8;18.2;19.4;12.3;25.1;52.5;8.7;0.0;762.0;15.8;9.7;21.4;56.6;6.7;0.0;766.6
30.05.2021;15.3;16.8;20.1;76.3;11.0;0.0;755.0;2.0;18.2;22.0;13.0;28.3;49.1;10.3;0.0;755.7;19.4;12.3;25.1;52.5;8.7;0.0;762.0
31.05.2021;11.2;7.2;14.8;58.1;2.9;0.0;760.8;1.8;18.2;15.3;16.8;20.1;76.3;11.0;0.0;755.0;22.0;13.0;28.3;49.1;10.3;0.0;755.7
01.06.2021;14.9;12.4;18.0;57.8;6.3;0.0;761.2;1.8;22.5;11.2;7.2;14.8;58.1;2.9;0.0;760.8;15.3;16.8;20.1;76.3;11.0;0.0;755.0
02.06.2021;16.2;12.4;21.1;50.3;5.2;0.0;762.7;1.9;22.5;14.9;12.4;18.0;57.8;6.3;0.0;761.2;11.2;7.2;14.8;58.1;2.9;0.0;760.8
03.06.2021;16.1;10.9;20.7;43.4;3.1;0.0;763.6;2.6;22.5;16.2;12.4;21.1;50.3;5.2;0.0;762.7;14.9;12.4;18.0;57.8;6.3;0.0;761.2
04.06.2021;17.2;11.6;22.6;39.3;2.3;0.0;766.0;3.4;22.5;16.1;10.9;20.7;43.4;3.1;0.0;763.6;16.2;12.4;21.1;50.3;5.2;0.0;762.7
05.06.2021;17.7;12.4;23.1;46.1;5.6;0.0;765.6;2.4;22.5;17.2;11.6;22.6;39.3;2.3;0.0;766.0;16.1;10.9;20.7;43.4;3.1;0.0;763.6
06.06.2021;19.9;12.2;25.0;52.9;9.5;0.0;761.7;0.9;22.5;17.7;12.4;23.1;46.1;5.6;0.0;765.6;17.2;11.6;22.6;39.3;2.3;0.0;766.0
07.06.2021;20.9;13.5;27.4;53.1;10.5;3.5;758.9;1.0;22.5;19.9;12.2;25.0;52.9;9.5;0.0;761.7;17.7;12.4;23.1;46.1;5.6;0.0;765.6
08.06.2021;21.0;15.0;26.7;58.0;11.8;0.2;758.2;1.5;22.5;20.9;13.5;27.4;53.1;10.5;3.5;758.9;19.9;12.2;25.0;52.9;9.5;0.0;761.7
09.06.2021;18.6;15.4;22.1;65.8;11.9;3.5;758.4;2.5;22.5;21.0;15.0;26.7;58.0;11.8;0.2;758.2;20.9;13.5;27.4;53.1;10.5;3.5;758.9
10.06.2021;18.3;13.8;23.0;54.9;8.7;0.0;760.1;2.8;22.5;18.6;15.4;22.1;65.8;11.9;3.5;758.4;21.0;15.0;26.7;58.0;11.8;0.2;758.2
11.06.2021;19.2;13.8;24.1;54.1;9.2;0.0;761.1;2.6;22.5;18.3;13.8;23.0;54.9;8.7;0.0;760.1;18.6;15.4;22.1;65.8;11.9;3.5;758.4
12.06.2021;18.3;15.5;21.5;81.5;14.9;0.4;759.8;2.6;22.5;19.2;13.8;24.1;54.1;9.2;0.0;761.1;18.3;13.8;23.0;54.9;8.7;0.0;760.1
13.06.2021;20.8;15.6;26.6;73.5;15.3;0.0;759.0;1.9;22.5;18.3;15.5;21.5;81.5;14.9;0.4;759.8;19.2;13.8;24.1;54.1;9.2;0.0;761.1
14.06.2021;22.5;17.6;27.5;66.6;15.6;0.0;760.6;1.1;22.5;20.8;15.6;26.6;73.5;15.3;0.0;759.0;18.3;15.5;21.5;81.5;14.9;0.4;759.8
15.06.2021;23.1;17.2;27.9;68.4;16.5;0.0;760.5;0.6;22.5;22.5;17.6;27.5;66.6;15.6;0.0;760.6;20.8;15.6;26.6;73.5;15.3;0.0;759.0
16.06.2021;25.5;21.8;31.2;52.1;14.4;0.0;755.5;2.0;22.5;23.1;17.2;27.9;68.4;16.5;0.0;760.5;22.5;17.6;27.5;66.6;15.6;0.0;760.6
17.06.2021;19.9;15.1;23.7;54.6;9.7;0.0;761.6;2.6;22.5;25.5;21.8;31.2;52.1;14.4;0.0;755.5;23.1;17.2;27.9;68.4;16.5;0.0;760.5
18.06.2021;17.8;13.1;22.7;46.1;5.5;0.0;768.2;1.8;22.5;19.9;15.1;23.7;54.6;9.7;0.0;761.6;25.5;21.8;31.2;52.1;14.4;0.0;755.5
19.06.2021;21.8;12.6;28.3;51.9;11.0;0.0;766.9;2.6;22.5;17.8;13.1;22.7;46.1;5.5;0.0;768.2;19.9;15.1;23.7;54.6;9.7;0.0;761.6
20.06.2021;25.9;20.4;31.5;56.0;16.1;0.0;764.8;1.9;22.5;21.8;12.6;28.3;51.9;11.0;0.0;766.9;17.8;13.1;22.7;46.1;5.5;0.0;768.2
21.06.2021;27.2;20.3;31.7;52.0;15.9;0.0;764.9;1.8;22.5;25.9;20.4;31.5;56.0;16.1;0.0;764.8;21.8;12.6;28.3;51.9;11.0;0.0;766.9
22.06.2021;28.4;22.6;33.3;52.0;17.1;0.0;764.9;1.6;22.5;27.2;20.3;31.7;52.0;15.9;0.0;764.9;25.9;20.4;31.5;56.0;16.1;0.0;764.8
23.06.2021;27.4;23.1;32.5;55.6;17.6;0.2;763.7;1.6;22.5;28.4;22.6;33.3;52.0;17.1;0.0;764.9;27.2;20.3;31.7;52.0;15.9;0.0;764.9
24.06.2021;28.1;21.4;33.8;53.1;16.8;0.0;762.8;1.3;22.5;27.4;23.1;32.5;55.6;17.6;0.2;763.7;28.4;22.6;33.3;52.0;17.1;0.0;764.9
25.06.2021;28.8;21.8;35.3;56.6;18.5;0.0;760.2;1.9;22.5;28.1;21.4;33.8;53.1;16.8;0.0;762.8;27.4;23.1;32.5;55.6;17.6;0.2;763.7
26.06.2021;28.5;24.8;32.7;55.8;18.3;0.0;758.4;2.0;22.5;28.8;21.8;35.3;56.6;18.5;0.0;760.2;28.1;21.4;33.8;53.1;16.8;0.0;762.8
27.06.2021;27.7;22.2;32.9;54.8;16.9;0.0;758.8;1.8;22.5;28.5;24.8;32.7;55.8;18.3;0.0;758.4;28.8;21.8;35.3;56.6;18.5;0.0;760.2
28.06.2021;28.9;21.5;35.3;51.9;17.2;0.0;758.4;1.0;22.5;27.7;22.2;32.9;54.8;16.9;0.0;758.8;28.5;24.8;32.7;55.8;18.3;0.0;758.4
29.06.2021;28.1;21.7;33.9;55.1;17.8;2.5;756.0;1.8;22.5;28.9;21.5;35.3;51.9;17.2;0.0;758.4;27.7;22.2;32.9;54.8;16.9;0.0;758.8
30.06.2021;25.4;21.9;29.6;66.9;18.5;0.5;754.1;2.1;22.5;28.1;21.7;33.9;55.1;17.8;2.5;756.0;28.9;21.5;35.3;51.9;17.2;0.0;758.4
01.07.2021;23.2;19.7;28.1;70.5;17.2;0.0;754.5;1.5;22.0;25.4;21.9;29.6;66.9;18.5;0.5;754.1;28.1;21.7;33.9;55.1;17.8;2.5;756.0
02.07.2021;21.0;15.7;25.3;78.4;16.9;15.0;754.3;0.6;22.0;23.2;19.7;28.1;70.5;17.2;0.0;754.5;25.4;21.9;29.6;66.9;18.5;0.5;754.1
03.07.2021;20.0;17.7;24.7;83.9;16.9;6.5;755.0;0.9;22.0;21.0;15.7;25.3;78.4;16.9;15.0;754.3;23.2;19.7;28.1;70.5;17.2;0.0;754.5
04.07.2021;16.8;16.2;19.1;90.1;15.1;0.3;756.6;1.9;22.0;20.0;17.7;24.7;83.9;16.9;6.5;755.0;21.0;15.7;25.3;78.4;16.9;15.0;754.3
05.07.2021;20.0;15.0;25.0;57.5;10.4;0.0;760.0;2.1;22.0;16.8;16.2;19.1;90.1;15.1;0.3;756.6;20.0;17.7;24.7;83.9;16.9;6.5;755.0
06.07.2021;21.3;14.9;26.5;44.0;8.0;0.0;762.6;2.4;22.0;20.0;15.0;25.0;57.5;10.4;0.0;760.0;16.8;16.2;19.1;90.1;15.1;0.3;756.6
07.07.2021;22.9;17.7;27.9;42.1;8.9;0.0;765.4;1.9;22.0;21.3;14.9;26.5;44.0;8.0;0.0;762.6;20.0;15.0;25.0;57.5;10.4;0.0;760.0
08.07.2021;25.6;17.8;31.8;49.3;13.6;0.0;764.4;1.5;22.0;22.9;17.7;27.9;42.1;8.9;0.0;765.4;21.3;14.9;26.5;44.0;8.0;0.0;762.6
09.07.2021;27.3;21.2;31.8;45.8;14.2;0.0;762.4;1.5;22.0;25.6;17.8;31.8;49.3;13.6;0.0;764.4;22.9;17.7;27.9;42.1;8.9;0.0;765.4
10.07.2021;24.6;22.2;29.1;62.8;16.5;7.0;759.2;1.5;22.0;27.3;21.2;31.8;45.8;14.2;0.0;762.4;25.6;17.8;31.8;49.3;13.6;0.0;764.4
11.07.2021;21.3;16.9;24.9;54.3;11.1;0.0;760.5;2.3;22.0;24.6;22.2;29.1;62.8;16.5;7.0;759.2;27.3;21.2;31.8;45.8;14.2;0.0;762.4
12.07.2021;20.5;14.3;26.4;51.3;9.6;0.0;763.2;1.5;22.0;21.3;16.9;24.9;54.3;11.1;0.0;760.5;24.6;22.2;29.1;62.8;16.5;7.0;759.2
13.07.2021;23.0;18.2;27.5;65.0;15.9;4.5;761.1;1.3;22.0;20.5;14.3;26.4;51.3;9.6;0.0;763.2;21.3;16.9;24.9;54.3;11.1;0.0;760.5
14.07.2021;23.6;17.2;28.1;47.1;10.9;0.0;760.5;0.9;22.0;23.0;18.2;27.5;65.0;15.9;4.5;761.1;20.5;14.3;26.4;51.3;9.6;0.0;763.2
15.07.2021;23.8;17.1;29.6;55.8;14.0;0.0;758.2;1.1;22.0;23.6;17.2;28.1;47.1;10.9;0.0;760.5;23.0;18.2;27.5;65.0;15.9;4.5;761.1
16.07.2021;24.3;17.6;30.6;61.9;15.8;0.0;755.7;1.1;22.0;23.8;17.1;29.6;55.8;14.0;0.0;758.2;23.6;17.2;28.1;47.1;10.9;0.0;760.5
17.07.2021;24.6;20.5;28.7;59.0;15.2;0.0;755.2;1.6;22.0;24.3;17.6;30.6;61.9;15.8;0.0;755.7;23.8;17.1;29.6;55.8;14.0;0.0;758.2
18.07.2021;23.6;18.3;29.0;70.5;17.3;2.0;755.3;1.3;22.0;24.6;20.5;28.7;59.0;15.2;0.0;755.2;24.3;17.6;30.6;61.9;15.8;0.0;755.7
19.07.2021;26.0;19.4;31.5;61.5;17.3;0.0;754.8;0.5;22.0;23.6;18.3;29.0;70.5;17.3;2.0;755.3;24.6;20.5;28.7;59.0;15.2;0.0;755.2
20.07.2021;26.8;22.4;32.2;61.6;18.5;0.0;752.0;1.6;22.0;26.0;19.4;31.5;61.5;17.3;0.0;754.8;23.6;18.3;29.0;70.5;17.3;2.0;755.3
21.07.2021;23.1;19.3;26.6;68.5;15.8;0.0;753.4;2.6;22.0;26.8;22.4;32.2;61.6;18.5;0.0;752.0;26.0;19.4;31.5;61.5;17.3;0.0;754.8
22.07.2021;18.6;15.9;21.6;78.3;14.2;4.5;751.3;1.9;22.0;23.1;19.3;26.6;68.5;15.8;0.0;753.4;26.8;22.4;32.2;61.6;18.5;0.0;752.0
23.07.2021;19.4;13.5;23.0;65.5;11.7;0.4;752.9;1.5;22.0;18.6;15.9;21.6;78.3;14.2;4.5;751.3;23.1;19.3;26.6;68.5;15.8;0.0;753.4
24.07.2021;17.8;16.2;20.5;61.8;10.2;0.0;755.5;2.3;22.0;19.4;13.5;23.0;65.5;11.7;0.4;752.9;18.6;15.9;21.6;78.3;14.2;4.5;751.3
25.07.2021;17.7;10.9;21.9;46.3;5.3;0.0;764.2;1.1;22.0;17.8;16.2;20.5;61.8;10.2;0.0;755.5;19.4;13.5;23.0;65.5;11.7;0.4;752.9
26.07.2021;19.1;11.5;24.3;53.1;8.8;0.0;765.7;1.4;22.0;17.7;10.9;21.9;46.3;5.3;0.0;764.2;17.8;16.2;20.5;61.8;10.2;0.0;755.5
27.07.2021;20.6;15.3;25.5;52.6;10.0;0.0;762.2;2.3;22.0;19.1;11.5;24.3;53.1;8.8;0.0;765.7;17.7;10.9;21.9;46.3;5.3;0.0;764.2
28.07.2021;18.8;13.6;24.1;50.3;7.5;0.0;761.5;1.3;22.0;20.6;15.3;25.5;52.6;10.0;0.0;762.2;19.1;11.5;24.3;53.1;8.8;0.0;765.7
29.07.2021;19.5;12.9;26.5;65.8;12.4;0.3;757.4;1.4;22.0;18.8;13.6;24.1;50.3;7.5;0.0;761.5;20.6;15.3;25.5;52.6;10.0;0.0;762.2
30.07.2021;22.5;17.7;28.0;71.5;16.5;0.0;753.3;2.0;22.0;19.5;12.9;26.5;65.8;12.4;0.3;757.4;18.8;13.6;24.1;50.3;7.5;0.0;761.5
31.07.2021;24.2;20.1;28.0;65.4;16.9;0.0;753.1;2.1;22.0;22.5;17.7;28.0;71.5;16.5;0.0;753.3;19.5;12.9;26.5;65.8;12.4;0.3;757.4
01.08.2021;23.7;18.8;27.4;53.3;13.1;0.0;757.5;2.1;22.2;24.2;20.1;28.0;65.4;16.9;0.0;753.1;22.5;17.7;28.0;71.5;16.5;0.0;753.3
02.08.2021;25.4;17.0;33.2;49.0;12.5;0.0;759.3;1.4;22.2;23.7;18.8;27.4;53.3;13.1;0.0;757.5;24.2;20.1;28.0;65.4;16.9;0.0;753.1
03.08.2021;27.3;22.1;35.9;53.4;15.9;1.5;757.0;1.5;22.2;25.4;17.0;33.2;49.0;12.5;0.0;759.3;23.7;18.8;27.4;53.3;13.1;0.0;757.5
04.08.2021;22.0;19.1;27.4;77.1;17.6;0.5;758.2;1.8;22.2;27.3;22.1;35.9;53.4;15.9;1.5;757.0;25.4;17.0;33.2;49.0;12.5;0.0;759.3
05.08.2021;21.0;16.6;25.0;63.4;12.9;0.0;760.8;1.6;22.2;22.0;19.1;27.4;77.1;17.6;0.5;758.2;27.3;22.1;35.9;53.4;15.9;1.5;757.0
06.08.2021;20.9;14.9;25.9;48.8;9.2;0.0;762.7;1.1;22.2;21.0;16.6;25.0;63.4;12.9;0.0;760.8;22.0;19.1;27.4;77.1;17.6;0.5;758.2
07.08.2021;20.6;18.7;25.7;57.3;11.6;0.0;763.1;1.6;22.2;20.9;14.9;25.9;48.8;9.2;0.0;762.7;21.0;16.6;25.0;63.4;12.9;0.0;760.8
08.08.2021;22.9;17.2;29.4;56.5;13.2;0.0;765.0;2.0;22.2;20.6;18.7;25.7;57.3;11.6;0.0;763.1;20.9;14.9;25.9;48.8;9.2;0.0;762.7
09.08.2021;25.1;19.3;32.4;50.6;13.5;0.0;764.9;1.6;22.2;22.9;17.2;29.4;56.5;13.2;0.0;765.0;20.6;18.7;25.7;57.3;11.6;0.0;763.1
10.08.2021;24.8;21.8;30.4;62.5;17.0;0.0;763.8;1.0;22.2;25.1;19.3;32.4;50.6;13.5;0.0;764.9;22.9;17.2;29.4;56.5;13.2;0.0;765.0
11.08.2021;22.8;17.9;27.3;57.8;13.4;0.0;764.4;2.5;22.2;24.8;21.8;30.4;62.5;17.0;0.0;763.8;25.1;19.3;32.4;50.6;13.5;0.0;764.9
12.08.2021;21.5;13.7;28.6;54.4;11.1;0.0;764.3;2.4;22.2;22.8;17.9;27.3;57.8;13.4;0.0;764.4;24.8;21.8;30.4;62.5;17.0;0.0;763.8
13.08.2021;26.0;20.9;31.9;41.4;11.3;0.0;761.9;2.3;22.2;21.5;13.7;28.6;54.4;11.1;0.0;764.3;22.8;17.9;27.3;57.8;13.4;0.0;764.4
14.08.2021;19.8;18.9;19.6;79.1;16.0;0.2;764.2;1.8;22.2;26.0;20.9;31.9;41.4;11.3;0.0;761.9;21.5;13.7;28.6;54.4;11.1;0.0;764.3
15.08.2021;20.6;13.9;27.1;67.3;13.4;0.0;764.2;0.9;22.2;19.8;18.9;19.6;79.1;16.0;0.2;764.2;26.0;20.9;31.9;41.4;11.3;0.0;761.9
16.08.2021;23.5;18.5;29.5;60.1;14.8;0.0;762.2;1.6;22.2;20.6;13.9;27.1;67.3;13.4;0.0;764.2;19.8;18.9;19.6;79.1;16.0;0.2;764.2
17.08.2021;24.9;17.1;31.4;53.4;13.9;0.0;762.9;0.9;22.2;23.5;18.5;29.5;60.1;14.8;0.0;762.2;20.6;13.9;27.1;67.3;13.4;0.0;764.2
18.08.2021;27.1;21.9;33.8;45.9;13.8;0.0;760.9;1.4;22.2;24.9;17.1;31.4;53.4;13.9;0.0;762.9;23.5;18.5;29.5;60.1;14.8;0.0;762.2
19.08.2021;28.1;20.2;36.0;50.0;15.1;0.0;760.4;0.8;22.2;27.1;21.9;33.8;45.9;13.8;0.0;760.9;24.9;17.1;31.4;53.4;13.9;0.0;762.9
20.08.2021;29.6;22.3;38.0;31.9;9.8;0.0;760.3;1.3;22.2;28.1;20.2;36.0;50.0;15.1;0.0;760.4;27.1;21.9;33.8;45.9;13.8;0.0;760.9
21.08.2021;29.5;21.6;36.9;28.5;8.5;0.0;760.0;1.5;22.2;29.6;22.3;38.0;31.9;9.8;0.0;760.3;28.1;20.2;36.0;50.0;15.1;0.0;760.4
22.08.2021;28.3;24.2;34.2;38.6;12.4;0.0;758.4;1.8;22.2;29.5;21.6;36.9;28.5;8.5;0.0;760.0;29.6;22.3;38.0;31.9;9.8;0.0;760.3
23.08.2021;22.4;19.4;25.7;61.3;14.2;0.0;762.0;2.1;22.2;28.3;24.2;34.2;38.6;12.4;0.0;758.4;29.5;21.6;36.9;28.5;8.5;0.0;760.0
24.08.2021;17.5;16.0;19.9;79.0;13.6;2.0;763.1;1.9;22.2;22.4;19.4;25.7;61.3;14.2;0.0;762.0;28.3;24.2;34.2;38.6;12.4;0.0;758.4
25.08.2021;18.1;14.0;23.1;62.0;9.9;0.5;760.7;2.0;22.2;17.5;16.0;19.9;79.0;13.6;2.0;763.1;22.4;19.4;25.7;61.3;14.2;0.0;762.0
26.08.2021;17.3;12.3;21.9;48.4;5.8;0.0;764.8;1.8;22.2;18.1;14.0;23.1;62.0;9.9;0.5;760.7;17.5;16.0;19.9;79.0;13.6;2.0;763.1
27.08.2021;14.9;10.8;18.8;63.9;7.8;0.0;767.1;2.1;22.2;17.3;12.3;21.9;48.4;5.8;0.0;764.8;18.1;14.0;23.1;62.0;9.9;0.5;760.7
28.08.2021;13.9;8.2;19.0;56.3;4.6;0.0;767.1;2.4;22.2;14.9;10.8;18.8;63.9;7.8;0.0;767.1;17.3;12.3;21.9;48.4;5.8;0.0;764.8
29.08.2021;15.1;7.6;20.4;51.1;4.5;0.0;765.5;1.5;22.2;13.9;8.2;19.0;56.3;4.6;0.0;767.1;14.9;10.8;18.8;63.9;7.8;0.0;767.1
30.08.2021;16.6;9.7;22.9;51.1;5.6;0.0;765.4;1.1;22.2;15.1;7.6;20.4;51.1;4.5;0.0;765.5;13.9;8.2;19.0;56.3;4.6;0.0;767.1
31.08.2021;17.8;15.7;22.4;60.1;9.5;0.0;762.1;1.4;22.2;16.6;9.7;22.9;51.1;5.6;0.0;765.4;15.1;7.6;20.4;51.1;4.5;0.0;765.5
01.09.2021;16.9;11.0;27.3;65.6;9.0;0.2;757.0;1.6;9.8;17.8;15.7;22.4;60.1;9.5;0.0;762.1;16.6;9.7;22.9;51.1;5.6;0.0;765.4
02.09.2021;17.6;16.0;20.9;78.0;13.5;0.4;750.3;1.5;9.8;16.9;11.0;27.3;65.6;9.0;0.2;757.0;17.8;15.7;22.4;60.1;9.5;0.0;762.1
03.09.2021;12.5;12.9;12.3;89.9;10.9;7.0;747.5;1.8;9.8;17.6;16.0;20.9;78.0;13.5;0.4;750.3;16.9;11.0;27.3;65.6;9.0;0.2;757.0
04.09.2021;9.5;6.7;12.1;79.4;5.8;0.3;748.5;2.8;9.8;12.5;12.9;12.3;89.9;10.9;7.0;747.5;17.6;16.0;20.9;78.0;13.5;0.4;750.3
05.09.2021;9.0;7.3;11.8;73.6;4.4;0.3;757.1;3.1;9.8;9.5;6.7;12.1;79.4;5.8;0.3;748.5;12.5;12.9;12.3;89.9;10.9;7.0;747.5
06.09.2021;8.0;5.6;12.1;81.6;4.9;0.2;763.8;1.5;9.8;9.0;7.3;11.8;73.6;4.4;0.3;757.1;9.5;6.7;12.1;79.4;5.8;0.3;748.5
07.09.2021;7.5;3.0;11.9;79.6;4.1;1.0;765.1;1.5;9.8;8.0;5.6;12.1;81.6;4.9;0.2;763.8;9.0;7.3;11.8;73.6;4.4;0.3;757.1
08.09.2021;10.8;7.5;14.5;82.4;7.9;0.2;762.6;2.3;9.8;7.5;3.0;11.9;79.6;4.1;1.0;765.1;8.0;5.6;12.1;81.6;4.9;0.2;763.8
09.09.2021;12.6;9.7;15.5;87.8;10.5;3.9;756.1;3.0;9.8;10.8;7.5;14.5;82.4;7.9;0.2;762.6;7.5;3.0;11.9;79.6;4.1;1.0;765.1
10.09.2021;12.0;11.2;15.4;80.3;8.5;2.7;757.9;1.8;9.8;12.6;9.7;15.5;87.8;10.5;3.9;756.1;10.8;7.5;14.5;82.4;7.9;0.2;762.6
11.09.2021;10.2;5.7;14.9;72.4;4.8;0.0;764.0;1.0;9.8;12.0;11.2;15.4;80.3;8.5;2.7;757.9;12.6;9.7;15.5;87.8;10.5;3.9;756.1
12.09.2021;11.2;8.1;13.8;79.9;7.8;0.2;762.1;0.8;9.8;10.2;5.7;14.9;72.4;4.8;0.0;764.0;12.0;11.2;15.4;80.3;8.5;2.7;757.9
13.09.2021;15.2;8.8;21.9;82.1;11.9;0.2;757.8;1.0;9.8;11.2;8.1;13.8;79.9;7.8;0.2;762.1;10.2;5.7;14.9;72.4;4.8;0.0;764.0
14.09.2021;16.9;15.9;20.7;72.5;11.7;1.0;752.9;2.5;9.8;15.2;8.8;21.9;82.1;11.9;0.2;757.8;11.2;8.1;13.8;79.9;7.8;0.2;762.1
15.09.2021;9.5;7.9;13.0;70.6;4.2;0.0;753.0;2.3;9.8;16.9;15.9;20.7;72.5;11.7;1.0;752.9;15.2;8.8;21.9;82.1;11.9;0.2;757.8
16.09.2021;7.4;5.6;9.4;74.8;3.1;0.0;757.3;2.8;9.8;9.5;7.9;13.0;70.6;4.2;0.0;753.0;16.9;15.9;20.7;72.5;11.7;1.0;752.9
17.09.2021;6.9;5.4;8.3;76.4;2.9;0.0;760.7;2.5;9.8;7.4;5.6;9.4;74.8;3.1;0.0;757.3;9.5;7.9;13.0;70.6;4.2;0.0;753.0
18.09.2021;6.8;4.7;8.3;68.0;1.0;0.0;764.1;2.0;9.8;6.9;5.4;8.3;76.4;2.9;0.0;760.7;7.4;5.6;9.4;74.8;3.1;0.0;757.3
19.09.2021;6.0;2.3;9.6;65.5;-0.3;0.0;768.7;1.8;9.8;6.8;4.7;8.3;68.0;1.0;0.0;764.1;6.9;5.4;8.3;76.4;2.9;0.0;760.7
20.09.2021;5.6;0.3;11.0;65.3;-1.0;0.0;770.7;1.4;9.8;6.0;2.3;9.6;65.5;-0.3;0.0;768.7;6.8;4.7;8.3;68.0;1.0;0.0;764.1
21.09.2021;6.8;3.9;10.3;62.6;0.1;0.0;768.3;3.1;9.8;5.6;0.3;11.0;65.3;-1.0;0.0;770.7;6.0;2.3;9.6;65.5;-0.3;0.0;768.7
22.09.2021;9.8;7.9;12.3;68.6;4.1;0.0;763.7;3.3;9.8;6.8;3.9;10.3;62.6;0.1;0.0;768.3;5.6;0.3;11.0;65.3;-1.0;0.0;770.7
23.09.2021;10.3;8.3;13.3;81.5;7.2;1.9;765.8;1.8;9.8;9.8;7.9;12.3;68.6;4.1;0.0;763.7;6.8;3.9;10.3;62.6;0.1;0.0;768.3
24.09.2021;9.3;8.8;11.8;86.5;7.0;5.5;761.6;2.5;9.8;10.3;8.3;13.3;81.5;7.2;1.9;765.8;9.8;7.9;12.3;68.6;4.1;0.0;763.7
25.09.2021;8.5;7.1;11.1;89.5;6.8;4.5;757.7;1.9;9.8;9.3;8.8;11.8;86.5;7.0;5.5;761.6;10.3;8.3;13.3;81.5;7.2;1.9;765.8
26.09.2021;9.6;4.5;13.0;80.9;6.3;0.0;755.9;0.8;9.8;8.5;7.1;11.1;89.5;6.8;4.5;757.7;9.3;8.8;11.8;86.5;7.0;5.5;761.6
27.09.2021;7.1;6.8;8.5;84.6;4.6;0.4;759.7;2.6;9.8;9.6;4.5;13.0;80.9;6.3;0.0;755.9;8.5;7.1;11.1;89.5;6.8;4.5;757.7
28.09.2021;6.0;1.9;9.6;64.1;-0.6;0.2;769.3;1.8;9.8;7.1;6.8;8.5;84.6;4.6;0.4;759.7;9.6;4.5;13.0;80.9;6.3;0.0;755.9
29.09.2021;6.7;2.7;11.1;63.5;-0.2;0.0;772.0;1.0;9.8;6.0;1.9;9.6;64.1;-0.6;0.2;769.3;7.1;6.8;8.5;84.6;4.6;0.4;759.7
30.09.2021;7.6;5.8;9.3;78.3;4.0;0.0;772.1;1.8;9.8;6.7;2.7;11.1;63.5;-0.2;0.0;772.0;6.0;1.9;9.6;64.1;-0.6;0.2;769.3
01.10.2021;9.2;7.8;10.2;81.3;6.1;0.0;772.2;1.5;6.5;7.6;5.8;9.3;78.3;4.0;0.0;772.1;6.7;2.7;11.1;63.5;-0.2;0.0;772.0
02.10.2021;9.0;8.1;10.8;85.8;6.7;0.0;773.4;1.6;6.5;9.2;7.8;10.2;81.3;6.1;0.0;772.2;7.6;5.8;9.3;78.3;4.0;0.0;772.1
03.10.2021;8.1;7.4;9.4;84.6;5.6;0.2;775.2;0.9;6.5;9.0;8.1;10.8;85.8;6.7;0.0;773.4;9.2;7.8;10.2;81.3;6.1;0.0;772.2
04.10.2021;6.2;5.5;9.2;69.5;0.6;0.0;779.0;1.5;6.5;8.1;7.4;9.4;84.6;5.6;0.2;775.2;9.0;8.1;10.8;85.8;6.7;0.0;773.4
05.10.2021;3.5;0.4;8.2;59.3;-4.1;0.0;783.7;1.4;6.5;6.2;5.5;9.2;69.5;0.6;0.0;779.0;8.1;7.4;9.4;84.6;5.6;0.2;775.2
06.10.2021;4.0;-0.7;9.3;68.1;-1.8;0.0;783.8;0.9;6.5;3.5;0.4;8.2;59.3;-4.1;0.0;783.7;6.2;5.5;9.2;69.5;0.6;0.0;779.0
07.10.2021;5.0;0.0;11.6;67.5;-0.9;0.0;783.3;0.5;6.5;4.0;-0.7;9.3;68.1;-1.8;0.0;783.8;3.5;0.4;8.2;59.3;-4.1;0.0;783.7
08.10.2021;6.0;-0.3;12.0;69.0;-0.1;0.0;780.1;0.9;6.5;5.0;0.0;11.6;67.5;-0.9;0.0;783.3;4.0;-0.7;9.3;68.1;-1.8;0.0;783.8
09.10.2021;7.7;2.4;12.8;64.6;1.1;0.0;775.0;1.6;6.5;6.0;-0.3;12.0;69.0;-0.1;0.0;780.1;5.0;0.0;11.6;67.5;-0.9;0.0;783.3
10.10.2021;8.6;7.5;9.5;65.6;2.4;0.0;772.4;1.4;6.5;7.7;2.4;12.8;64.6;1.1;0.0;775.0;6.0;-0.3;12.0;69.0;-0.1;0.0;780.1
11.10.2021;10.5;8.7;14.5;72.8;5.6;0.0;770.3;1.3;6.5;8.6;7.5;9.5;65.6;2.4;0.0;772.4;7.7;2.4;12.8;64.6;1.1;0.0;775.0
12.10.2021;10.9;8.7;15.8;65.9;4.5;0.0;769.3;1.3;6.5;10.5;8.7;14.5;72.8;5.6;0.0;770.3;8.6;7.5;9.5;65.6;2.4;0.0;772.4
13.10.2021;9.9;5.8;15.4;56.9;1.3;0.0;769.8;1.4;6.5;10.9;8.7;15.8;65.9;4.5;0.0;769.3;10.5;8.7;14.5;72.8;5.6;0.0;770.3
14.10.2021;9.6;5.4;13.5;44.6;-2.7;0.0;768.7;2.5;6.5;9.9;5.8;15.4;56.9;1.3;0.0;769.8;10.9;8.7;15.8;65.9;4.5;0.0;769.3
15.10.2021;9.3;8.8;11.0;57.6;1.1;0.2;761.9;3.3;6.5;9.6;5.4;13.5;44.6;-2.7;0.0;768.7;9.9;5.8;15.4;56.9;1.3;0.0;769.8
16.10.2021;7.4;4.1;12.1;62.0;0.4;0.0;764.5;2.3;6.5;9.3;8.8;11.0;57.6;1.1;0.2;761.9;9.6;5.4;13.5;44.6;-2.7;0.0;768.7
17.10.2021;9.1;6.0;13.6;59.3;1.5;0.0;761.5;1.9;6.5;7.4;4.1;12.1;62.0;0.4;0.0;764.5;9.3;8.8;11.0;57.6;1.1;0.2;761.9
18.10.2021;8.3;5.0;11.3;72.8;3.5;0.0;757.0;1.3;6.5;9.1;6.0;13.6;59.3;1.5;0.0;761.5;7.4;4.1;12.1;62.0;0.4;0.0;764.5
19.10.2021;4.0;2.7;4.6;71.6;-0.8;0.0;756.8;2.3;6.5;8.3;5.0;11.3;72.8;3.5;0.0;757.0;9.1;6.0;13.6;59.3;1.5;0.0;761.5
20.10.2021;2.3;0.9;3.8;78.4;-1.3;0.0;761.0;2.0;6.5;4.0;2.7;4.6;71.6;-0.8;0.0;756.8;8.3;5.0;11.3;72.8;3.5;0.0;757.0
21.10.2021;3.0;0.9;5.4;85.4;0.7;7.5;755.0;1.8;6.5;2.3;0.9;3.8;78.4;-1.3;0.0;761.0;4.0;2.7;4.6;71.6;-0.8;0.0;756.8
22.10.2021;10.7;5.4;12.0;81.8;7.6;0.0;748.6;3.3;6.5;3.0;0.9;5.4;85.4;0.7;7.5;755.0;2.3;0.9;3.8;78.4;-1.3;0.0;761.0
23.10.2021;8.6;6.8;11.6;61.0;1.2;0.2;754.7;2.8;6.5;10.7;5.4;12.0;81.8;7.6;0.0;748.6;3.0;0.9;5.4;85.4;0.7;7.5;755.0
24.10.2021;5.8;3.3;8.8;69.9;0.5;0.0;757.1;2.4;6.5;8.6;6.8;11.6;61.0;1.2;0.2;754.7;10.7;5.4;12.0;81.8;7.6;0.0;748.6
25.10.2021;1.2;0.9;3.0;79.1;-2.2;0.3;763.5;1.5;6.5;5.8;3.3;8.8;69.9;0.5;0.0;757.1;8.6;6.8;11.6;61.0;1.2;0.2;754.7
26.10.2021;1.5;-2.6;4.9;72.3;-3.2;0.0;766.8;2.6;6.5;1.2;0.9;3.0;79.1;-2.2;0.3;763.5;5.8;3.3;8.8;69.9;0.5;0.0;757.1
27.10.2021;3.3;1.3;5.3;69.1;-1.9;0.0;761.9;2.6;6.5;1.5;-2.6;4.9;72.3;-3.2;0.0;766.8;1.2;0.9;3.0;79.1;-2.2;0.3;763.5
28.10.2021;6.3;3.7;7.7;77.1;2.5;0.1;757.8;2.6;6.5;3.3;1.3;5.3;69.1;-1.9;0.0;761.9;1.5;-2.6;4.9;72.3;-3.2;0.0;766.8
29.10.2021;0.5;-2.5;2.0;69.0;-4.9;1.0;767.7;1.6;6.5;6.3;3.7;7.7;77.1;2.5;0.1;757.8;3.3;1.3;5.3;69.1;-1.9;0.0;761.9
30.10.2021;6.0;-0.4;8.6;89.3;4.3;0.3;766.5;2.3;6.5;0.5;-2.5;2.0;69.0;-4.9;1.0;767.7;6.3;3.7;7.7;77.1;2.5;0.1;757.8
31.10.2021;7.4;6.2;7.2;88.0;5.4;0.0;766.8;2.0;6.5;6.0;-0.4;8.6;89.3;4.3;0.3;766.5;0.5;-2.5;2.0;69.0;-4.9;1.0;767.7
01.11.2021;5.6;3.8;6.8;82.3;2.8;0.0;765.6;1.8;-0.4;7.4;6.2;7.2;88.0;5.4;0.0;766.8;6.0;-0.4;8.6;89.3;4.3;0.3;766.5
02.11.2021;3.9;4.2;5.7;89.4;2.3;0.1;770.7;2.3;-0.4;5.6;3.8;6.8;82.3;2.8;0.0;765.6;7.4;6.2;7.2;88.0;5.4;0.0;766.8
03.11.2021;1.1;0.0;2.7;76.9;-2.6;0.0;776.0;2.8;-0.4;3.9;4.2;5.7;89.4;2.3;0.1;770.7;5.6;3.8;6.8;82.3;2.8;0.0;765.6
04.11.2021;-0.4;-1.2;0.3;64.1;-6.8;0.5;776.2;2.3;-0.4;1.1;0.0;2.7;76.9;-2.6;0.0;776.0;3.9;4.2;5.7;89.4;2.3;0.1;770.7
05.11.2021;2.1;-0.6;3.3;74.8;-2.1;0.0;773.6;1.5;-0.4;-0.4;-1.2;0.3;64.1;-6.8;0.5;776.2;1.1;0.0;2.7;76.9;-2.6;0.0;776.0
06.11.2021;4.2;2.2;4.8;89.5;2.6;8.0;763.7;1.9;-0.4;2.1;-0.6;3.3;74.8;-2.1;0.0;773.6;-0.4;-1.2;0.3;64.1;-6.8;0.5;776.2
07.11.2021;5.3;1.1;5.6;87.6;3.4;12.0;757.4;3.0;-0.4;4.2;2.2;4.8;89.5;2.6;8.0;763.7;2.1;-0.6;3.3;74.8;-2.1;0.0;773.6
08.11.2021;3.7;0.7;5.8;87.0;1.7;0.0;758.9;1.6;-0.4;5.3;1.1;5.6;87.6;3.4;12.0;757.4;4.2;2.2;4.8;89.5;2.6;8.0;763.7
09.11.2021;4.9;4.5;6.2;88.5;3.2;4.0;753.6;3.1;-0.4;3.7;0.7;5.8;87.0;1.7;0.0;758.9;5.3;1.1;5.6;87.6;3.4;12.0;757.4
10.11.2021;-3.2;-4.1;-3.0;67.3;-8.6;0.3;768.5;2.4;-0.4;4.9;4.5;6.2;88.5;3.2;4.0;753.6;3.7;0.7;5.8;87.0;1.7;0.0;758.9
11.11.2021;-3.9;-7.6;-1.5;85.6;-5.6;1.5;767.0;1.8;-0.4;-3.2;-4.1;-3.0;67.3;-8.6;0.3;768.5;4.9;4.5;6.2;88.5;3.2;4.0;753.6
12.11.2021;0.5;-1.6;1.2;88.6;-1.2;0.5;758.4;2.0;-0.4;-3.9;-7.6;-1.5;85.6;-5.6;1.5;767.0;-3.2;-4.1;-3.0;67.3;-8.6;0.3;768.5
13.11.2021;-0.6;-1.9;0.9;87.3;-2.5;1.0;756.2;1.6;-0.4;0.5;-1.6;1.2;88.6;-1.2;0.5;758.4;-3.9;-7.6;-1.5;85.6;-5.6;1.5;767.0
14.11.2021;-2.7;-2.4;-1.3;64.8;-8.6;0.0;768.2;1.6;-0.4;-0.6;-1.9;0.9;87.3;-2.5;1.0;756.2;0.5;-1.6;1.2;88.6;-1.2;0.5;758.4
15.11.2021;-5.4;-7.0;-3.5;77.9;-8.8;0.6;769.1;1.6;-0.4;-2.7;-2.4;-1.3;64.8;-8.6;0.0;768.2;-0.6;-1.9;0.9;87.3;-2.5;1.0;756.2
16.11.2021;-4.0;-5.6;-2.7;74.1;-8.0;0.1;768.5;3.8;-0.4;-5.4;-7.0;-3.5;77.9;-8.8;0.6;769.1;-2.7;-2.4;-1.3;64.8;-8.6;0.0;768.2
17.11.2021;-0.2;-3.0;0.8;87.8;-2.0;0.0;763.7;2.5;-0.4;-4.0;-5.6;-2.7;74.1;-8.0;0.1;768.5;-5.4;-7.0;-3.5;77.9;-8.8;0.6;769.1
18.11.2021;-0.1;-0.2;1.0;87.0;-2.1;0.0;767.3;2.0;-0.4;-0.2;-3.0;0.8;87.8;-2.0;0.0;763.7;-4.0;-5.6;-2.7;74.1;-8.0;0.1;768.5
19.11.2021;-2.8;-4.1;-1.4;82.3;-5.5;0.0;760.3;2.3;-0.4;-0.1;-0.2;1.0;87.0;-2.1;0.0;767.3;-0.2;-3.0;0.8;87.8;-2.0;0.0;763.7
20.11.2021;-1.0;-1.8;-0.5;93.1;-2.0;1.5;746.3;1.9;-0.4;-2.8;-4.1;-1.4;82.3;-5.5;0.0;760.3;-0.1;-0.2;1.0;87.0;-2.1;0.0;767.3
21.11.2021;-0.2;-0.8;0.2;92.8;-1.3;4.4;737.4;2.9;-0.4;-1.0;-1.8;-0.5;93.1;-2.0;1.5;746.3;-2.8;-4.1;-1.4;82.3;-5.5;0.0;760.3
22.11.2021;-2.0;-3.0;-1.7;81.6;-4.7;0.2;746.4;3.1;-0.4;-0.2;-0.8;0.2;92.8;-1.3;4.4;737.4;-1.0;-1.8;-0.5;93.1;-2.0;1.5;746.3
23.11.2021;-5.0;-5.0;-4.6;76.9;-8.5;0.2;756.7;3.9;-0.4;-2.0;-3.0;-1.7;81.6;-4.7;0.2;746.4;-0.2;-0.8;0.2;92.8;-1.3;4.4;737.4
24.11.2021;-9.0;-10.7;-7.5;84.3;-11.2;0.1;761.3;2.0;-0.4;-5.0;-5.0;-4.6;76.9;-8.5;0.2;756.7;-2.0;-3.0;-1.7;81.6;-4.7;0.2;746.4
25.11.2021;-2.9;-9.3;0.3;79.8;-6.1;1.3;756.3;2.8;-0.4;-9.0;-10.7;-7.5;84.3;-11.2;0.1;761.3;-5.0;-5.0;-4.6;76.9;-8.5;0.2;756.7
26.11.2021;0.3;-2.2;2.3;73.0;-4.0;0.0;761.7;2.9;-0.4;-2.9;-9.3;0.3;79.8;-6.1;1.3;756.3;-9.0;-10.7;-7.5;84.3;-11.2;0.1;761.3
27.11.2021;-0.5;-1.7;0.4;75.9;-4.3;0.0;764.0;1.8;-0.4;0.3;-2.2;2.3;73.0;-4.0;0.0;761.7;-2.9;-9.3;0.3;79.8;-6.1;1.3;756.3
28.11.2021;-2.2;-4.8;-0.3;88.1;-3.9;1.0;761.1;2.1;-0.4;-0.5;-1.7;0.4;75.9;-4.3;0.0;764.0;0.3;-2.2;2.3;73.0;-4.0;0.0;761.7
29.11.2021;0.8;-0.3;0.9;97.6;0.4;0.4;760.9;1.6;-0.4;-2.2;-4.8;-0.3;88.1;-3.9;1.0;761.1;-0.5;-1.7;0.4;75.9;-4.3;0.0;764.0
30.11.2021;1.9;0.9;2.2;95.5;1.2;16.5;746.4;2.9;-0.4;0.8;-0.3;0.9;97.6;0.4;0.4;760.9;-2.2;-4.8;-0.3;88.1;-3.9;1.0;761.1
01.12.2021;1.6;1.6;1.9;75.6;-2.3;0.0;743.1;1.8;-8.1;1.9;0.9;2.2;95.5;1.2;16.5;746.4;0.8;-0.3;0.9;97.6;0.4;0.4;760.9
02.12.2021;-2.4;-2.3;-1.6;70.6;-7.1;0.1;748.9;2.4;-8.1;1.6;1.6;1.9;75.6;-2.3;0.0;743.1;1.9;0.9;2.2;95.5;1.2;16.5;746.4
03.12.2021;-1.4;-4.4;1.3;80.3;-4.5;0.1;754.8;2.0;-8.1;-2.4;-2.3;-1.6;70.6;-7.1;0.1;748.9;1.6;1.6;1.9;75.6;-2.3;0.0;743.1
04.12.2021;1.6;1.2;3.5;88.1;-0.2;1.5;754.1;2.3;-8.1;-1.4;-4.4;1.3;80.3;-4.5;0.1;754.8;-2.4;-2.3;-1.6;70.6;-7.1;0.1;748.9
05.12.2021;-2.1;-2.2;-1.8;68.4;-7.2;0.0;760.1;2.6;-8.1;1.6;1.2;3.5;88.1;-0.2;1.5;754.1;-1.4;-4.4;1.3;80.3;-4.5;0.1;754.8
06.12.2021;-10.1;-9.7;-8.2;71.8;-14.4;0.0;769.3;1.8;-8.1;-2.1;-2.2;-1.8;68.4;-7.2;0.0;760.1;1.6;1.2;3.5;88.1;-0.2;1.5;754.1
07.12.2021;-13.1;-16.3;-10.5;75.9;-16.5;0.0;775.4;2.3;-8.1;-10.1;-9.7;-8.2;71.8;-14.4;0.0;769.3;-2.1;-2.2;-1.8;68.4;-7.2;0.0;760.1
08.12.2021;-4.7;-10.5;-1.8;87.4;-6.6;3.5;769.4;2.6;-8.1;-13.1;-16.3;-10.5;75.9;-16.5;0.0;775.4;-10.1;-9.7;-8.2;71.8;-14.4;0.0;769.3
09.12.2021;-1.5;-1.8;-0.4;96.0;-2.0;0.0;767.8;1.6;-8.1;-4.7;-10.5;-1.8;87.4;-6.6;3.5;769.4;-13.1;-16.3;-10.5;75.9;-16.5;0.0;775.4
10.12.2021;-6.5;-4.0;-1.8;89.8;-7.9;0.0;771.6;2.1;-8.1;-1.5;-1.8;-0.4;96.0;-2.0;0.0;767.8;-4.7;-10.5;-1.8;87.4;-6.6;3.5;769.4
11.12.2021;-11.7;-14.5;-9.3;77.6;-14.9;0.0;778.9;2.0;-8.1;-6.5;-4.0;-1.8;89.8;-7.9;0.0;771.6;-1.5;-1.8;-0.4;96.0;-2.0;0.0;767.8
12.12.2021;-9.5;-11.7;-6.9;73.9;-13.5;0.0;782.5;1.5;-8.1;-11.7;-14.5;-9.3;77.6;-14.9;0.0;778.9;-6.5;-4.0;-1.8;89.8;-7.9;0.0;771.6
13.12.2021;-8.2;-10.6;-6.6;77.4;-11.5;0.0;779.0;1.5;-8.1;-9.5;-11.7;-6.9;73.9;-13.5;0.0;782.5;-11.7;-14.5;-9.3;77.6;-14.9;0.0;778.9
14.12.2021;-4.6;-6.6;-3.6;74.8;-8.5;1.0;772.7;1.3;-8.1;-8.2;-10.6;-6.6;77.4;-11.5;0.0;779.0;-9.5;-11.7;-6.9;73.9;-13.5;0.0;782.5
15.12.2021;-5.6;-8.4;-4.3;90.8;-6.9;0.6;769.0;0.9;-8.1;-4.6;-6.6;-3.6;74.8;-8.5;1.0;772.7;-8.2;-10.6;-6.6;77.4;-11.5;0.0;779.0
16.12.2021;-2.9;-4.3;-2.2;92.0;-4.1;0.5;760.6;1.4;-8.1;-5.6;-8.4;-4.3;90.8;-6.9;0.6;769.0;-4.6;-6.6;-3.6;74.8;-8.5;1.0;772.7
17.12.2021;-1.6;-2.4;-0.3;93.9;-2.4;1.5;756.0;1.1;-8.1;-2.9;-4.3;-2.2;92.0;-4.1;0.5;760.6;-5.6;-8.4;-4.3;90.8;-6.9;0.6;769.0
18.12.2021;-1.9;-3.1;-1.1;90.0;-3.3;0.0;757.8;0.5;-8.1;-1.6;-2.4;-0.3;93.9;-2.4;1.5;756.0;-2.9;-4.3;-2.2;92.0;-4.1;0.5;760.6
19.12.2021;-3.7;-3.5;-3.2;89.3;-5.3;0.2;748.4;1.5;-8.1;-1.9;-3.1;-1.1;90.0;-3.3;0.0;757.8;-1.6;-2.4;-0.3;93.9;-2.4;1.5;756.0
20.12.2021;-2.4;-5.0;-0.5;90.6;-3.7;2.5;743.1;1.8;-8.1;-3.7;-3.5;-3.2;89.3;-5.3;0.2;748.4;-1.9;-3.1;-1.1;90.0;-3.3;0.0;757.8
21.12.2021;-5.1;-4.3;-3.9;83.0;-7.6;0.2;749.9;2.1;-8.1;-2.4;-5.0;-0.5;90.6;-3.7;2.5;743.1;-3.7;-3.5;-3.2;89.3;-5.3;0.2;748.4
22.12.2021;-17.6;-18.1;-17.8;79.3;-20.3;0.1;756.1;2.6;-8.1;-5.1;-4.3;-3.9;83.0;-7.6;0.2;749.9;-2.4;-5.0;-0.5;90.6;-3.7;2.5;743.1
23.12.2021;-23.6;-23.8;-23.2;78.1;-26.4;0.0;759.2;1.9;-8.1;-17.6;-18.1;-17.8;79.3;-20.3;0.1;756.1;-5.1;-4.3;-3.9;83.0;-7.6;0.2;749.9
24.12.2021;-21.0;-26.1;-17.8;78.9;-23.7;0.1;762.6;1.4;-8.1;-23.6;-23.8;-23.2;78.1;-26.4;0.0;759.2;-17.6;-18.1;-17.8;79.3;-20.3;0.1;756.1
25.12.2021;-15.3;-19.1;-11.4;83.5;-17.4;0.5;760.0;3.4;-8.1;-21.0;-26.1;-17.8;78.9;-23.7;0.1;762.6;-23.6;-23.8;-23.2;78.1;-26.4;0.0;759.2
26.12.2021;-9.9;-11.6;-8.0;82.3;-12.4;2.5;754.7;2.0;-8.1;-15.3;-19.1;-11.4;83.5;-17.4;0.5;760.0;-21.0;-26.1;-17.8;78.9;-23.7;0.1;762.6
27.12.2021;-12.3;-14.9;-9.5;76.9;-15.5;0.3;757.1;2.5;-8.1;-9.9;-11.6;-8.0;82.3;-12.4;2.5;754.7;-15.3;-19.1;-11.4;83.5;-17.4;0.5;760.0
28.12.2021;-15.1;-15.4;-14.7;82.3;-17.5;0.0;767.0;1.8;-8.1;-12.3;-14.9;-9.5;76.9;-15.5;0.3;757.1;-9.9;-11.6;-8.0;82.3;-12.4;2.5;754.7
29.12.2021;-15.0;-17.3;-13.3;85.9;-16.9;0.0;773.7;1.5;-8.1;-15.1;-15.4;-14.7;82.3;-17.5;0.0;767.0;-12.3;-14.9;-9.5;76.9;-15.5;0.3;757.1
30.12.2021;-15.0;-18.1;-11.9;85.5;-16.9;0.4;771.8;1.3;-8.1;-15.0;-17.3;-13.3;85.9;-16.9;0.0;773.7;-15.1;-15.4;-14.7;82.3;-17.5;0.0;767.0
31.12.2021;-9.6;-11.9;-7.8;88.4;-11.2;0.5;764.0;2.0;-8.1;-15.0;-18.1;-11.9;85.5;-16.9;0.4;771.8;-15.0;-17.3;-13.3;85.9;-16.9;0.0;773.7
